"age","gender","medianwage","nchange","occupation","periodsincome"
42,1,"1",1,1,12
42,0,"5",0,0,13
42,0,"3",0,1,11
42,1,"3",2,1,6
42,1,"4",0,1,13
42,0,"4",2,1,13
42,0,"5",3,1,13
42,0,"4",5,0,13
42,0,"3",0,0,6
42,1,"1",0,0,1
42,0,"4",3,0,10
42,0,"4",0,0,13
42,0,"3",3,0,11
42,1,"1",1,0,13
42,0,"2",0,0,13
42,0,"3",1,0,13
42,0,"4",1,1,13
42,0,"4",2,0,13
42,0,"4",2,0,13
42,0,"4",0,0,13
42,0,"3",0,0,13
42,0,"5",0,1,13
42,0,"5",0,1,13
42,1,"1",1,0,13
42,1,"5",0,1,9
42,1,"4",0,1,13
42,1,"3",1,1,13
42,1,"3",2,0,13
42,1,"1",1,1,13
42,0,"4",0,0,13
42,1,"1",1,0,13
42,0,"5",1,1,13
42,0,"5",0,1,13
42,1,"3",2,1,13
42,0,"5",0,1,13
42,1,"1",0,1,2
42,1,"1",0,1,1
42,0,"2",1,0,13
42,0,"4",0,0,13
42,0,"3",0,1,3
42,0,"4",1,1,13
42,1,"4",0,1,13
42,1,"1",0,1,13
42,0,"5",0,1,13
42,1,"4",1,1,13
42,1,"1",2,1,10
42,1,"5",0,1,13
42,1,"4",2,1,9
42,0,"4",2,1,12
42,0,"4",0,0,13
42,0,"3",0,0,7
42,0,"3",0,0,10
42,1,"1",2,1,8
42,0,"3",0,0,13
42,1,"1",1,0,13
42,1,"4",3,1,10
42,1,"1",0,0,13
42,0,"1",3,0,13
42,1,"5",1,1,13
42,1,"1",0,1,8
42,1,"1",1,0,11
42,0,"3",0,0,13
42,1,"4",0,1,13
42,0,"5",0,1,4
42,1,"2",2,1,12
42,1,"2",4,0,13
42,1,"2",0,0,13
42,1,"1",0,0,13
42,0,"5",0,1,13
42,0,"5",1,1,13
42,0,"4",1,0,13
42,1,"1",1,1,3
42,0,"5",0,1,11
42,1,"2",0,0,12
42,1,"1",0,1,12
42,0,"4",1,1,13
42,0,"5",0,1,13
42,0,"4",0,0,13
42,0,"5",0,1,13
42,0,"1",1,0,4
42,0,"3",0,0,13
42,1,"2",1,0,13
42,0,"5",2,1,13
42,1,"4",2,1,13
42,1,"3",1,1,13
42,1,"2",0,1,13
42,0,"5",0,1,13
42,0,"5",0,1,13
42,1,"3",1,1,13
42,0,"5",0,1,13
42,0,"4",3,0,13
42,0,"1",4,1,7
42,1,"4",0,1,13
42,1,"1",0,0,9
42,1,"2",1,1,9
42,0,"5",0,1,13
42,0,"1",1,0,1
42,0,"4",0,0,13
41,0,"4",6,0,13
41,1,"1",1,1,9
41,1,"2",1,1,13
41,0,"4",0,0,13
41,1,"2",1,1,13
41,1,"3",0,1,13
41,0,"5",1,0,13
41,0,"2",0,0,13
41,0,"5",0,1,13
41,0,"5",1,1,13
41,0,"2",1,0,1
41,0,"4",1,0,13
41,0,"5",0,0,13
41,1,"2",2,0,13
41,1,"3",1,0,11
41,1,"2",0,0,13
41,0,"3",0,0,11
41,1,"5",0,1,13
41,0,"5",1,1,13
41,0,"3",0,1,13
41,0,"2",2,0,13
41,1,"1",0,0,3
41,1,"1",1,1,2
41,0,"4",0,0,13
41,0,"4",1,0,13
41,1,"4",1,1,13
41,1,"2",1,1,12
41,1,"5",0,1,13
41,1,"1",2,1,7
41,1,"2",1,1,13
41,1,"4",0,1,13
41,0,"3",0,0,13
41,0,"5",2,1,13
41,0,"4",1,0,12
41,1,"4",1,1,13
41,1,"4",0,1,13
41,0,"2",1,0,12
41,1,"1",2,0,9
41,0,"4",3,0,8
41,0,"4",0,0,13
41,1,"2",1,0,12
41,0,"4",1,0,13
41,1,"2",0,0,9
41,0,"3",7,0,10
41,0,"5",3,0,12
41,1,"2",0,1,11
41,0,"2",0,1,13
41,1,"3",0,1,13
41,0,"2",0,1,8
41,0,"3",2,0,2
41,0,"5",1,0,12
41,1,"1",1,1,10
41,1,"2",3,0,11
41,1,"1",0,1,13
41,0,"4",5,0,12
41,0,"1",1,0,1
41,0,"4",0,1,13
41,0,"5",0,0,10
41,0,"5",1,1,13
41,0,"5",1,1,13
41,0,"5",0,1,13
41,1,"3",0,1,12
41,1,"1",1,0,12
41,0,"2",1,0,8
41,1,"1",3,0,13
41,1,"5",0,1,13
41,1,"1",0,0,13
41,0,"5",0,1,13
41,1,"1",1,0,13
41,1,"4",0,1,7
41,0,"3",1,0,12
41,0,"5",1,1,4
41,0,"3",0,0,13
41,0,"2",2,0,11
41,1,"3",0,1,13
41,0,"2",2,0,13
41,0,"4",1,1,13
41,1,"1",2,1,8
41,0,"5",1,0,12
41,0,"4",5,0,13
41,0,"5",6,0,13
41,0,"3",1,1,13
40,0,"1",2,1,2
40,1,"1",1,0,7
40,1,"1",1,0,3
40,0,"1",0,0,11
40,0,"3",2,0,11
40,0,"1",0,0,13
40,1,"1",1,1,3
40,0,"2",2,0,8
40,0,"1",1,1,2
40,1,"1",1,1,5
40,1,"2",0,1,13
40,0,"5",1,1,1
40,0,"5",0,1,13
40,0,"4",0,0,13
40,0,"5",1,0,13
40,0,"4",0,0,13
40,1,"2",2,0,13
40,1,"1",1,1,10
40,1,"4",0,1,13
40,0,"4",0,0,6
40,0,"4",0,1,13
40,0,"2",0,0,11
40,0,"5",1,1,13
40,0,"4",0,1,13
40,1,"2",2,1,12
40,0,"5",0,1,13
40,0,"3",3,0,11
40,0,"3",0,0,13
40,0,"3",1,1,3
40,0,"2",5,0,8
40,1,"1",1,1,9
40,0,"5",0,1,13
40,0,"4",1,0,12
40,0,"5",0,1,13
40,0,"3",0,1,13
40,0,"5",2,1,12
40,1,"3",2,1,12
40,1,"2",2,1,11
40,1,"2",0,0,13
40,0,"2",1,0,13
40,1,"2",1,0,9
40,0,"2",2,0,9
40,0,"1",3,0,8
40,0,"5",1,1,3
40,0,"2",4,0,5
40,1,"1",1,0,1
40,0,"3",4,1,4
40,0,"5",1,0,13
40,0,"4",1,1,10
40,1,"2",3,1,11
40,1,"2",1,0,8
40,1,"4",0,1,13
40,1,"2",0,1,13
40,1,"1",0,0,13
40,1,"2",0,0,10
40,1,"3",0,1,13
40,0,"5",2,1,13
40,1,"1",5,1,11
40,0,"2",1,0,4
40,0,"3",2,1,6
40,0,"3",1,0,13
40,0,"5",0,1,13
40,0,"2",1,0,6
40,0,"5",0,1,13
40,1,"4",0,1,13
40,0,"4",1,0,9
40,0,"1",1,1,3
40,0,"2",2,0,9
40,0,"4",1,1,13
40,1,"2",0,1,13
40,0,"4",1,0,13
40,0,"4",2,1,10
40,0,"5",0,0,13
40,1,"5",1,1,13
40,0,"3",1,0,13
40,1,"5",1,1,13
40,1,"2",1,1,9
40,0,"5",0,1,13
40,1,"1",1,0,13
40,1,"3",1,0,12
40,1,"2",0,1,13
40,0,"5",0,1,13
40,0,"4",0,0,13
40,0,"5",4,1,11
40,0,"5",2,1,13
40,1,"4",1,1,13
40,0,"5",0,0,10
39,0,"5",0,1,13
39,0,"4",1,1,13
39,0,"1",2,1,7
39,1,"3",1,1,10
39,0,"3",1,0,6
39,1,"3",1,0,13
39,0,"3",1,0,13
39,1,"1",0,1,13
39,0,"5",1,1,12
39,0,"4",0,0,12
39,0,"5",5,1,13
39,1,"1",1,0,8
39,0,"4",0,1,13
39,1,"3",0,1,13
39,1,"1",1,1,1
39,0,"3",1,0,13
39,0,"2",3,0,8
39,0,"3",1,0,13
39,1,"4",1,1,10
39,1,"2",4,0,13
39,1,"1",2,0,4
39,0,"5",0,1,13
39,1,"2",2,1,12
39,0,"4",0,1,13
39,1,"1",2,0,9
39,1,"1",0,0,13
39,0,"4",0,1,13
39,0,"2",0,1,13
39,0,"5",0,1,13
39,1,"4",1,1,13
39,0,"4",4,0,9
39,1,"1",0,0,13
39,0,"1",1,0,13
39,1,"1",1,1,1
39,1,"2",3,0,13
39,1,"2",2,0,5
39,0,"4",5,0,13
39,1,"1",1,0,10
39,1,"2",0,0,13
39,0,"5",0,1,13
39,1,"2",1,1,11
39,0,"5",0,1,13
39,0,"4",2,1,13
39,0,"5",0,1,13
39,0,"1",1,0,13
39,0,"4",1,1,11
39,1,"5",0,1,10
39,0,"4",0,0,13
39,1,"5",2,1,9
39,0,"1",4,0,9
39,1,"4",0,1,13
39,0,"1",3,0,8
39,0,"3",0,0,13
39,0,"3",1,0,13
39,1,"2",1,0,11
39,1,"2",0,0,13
39,1,"2",0,0,11
39,1,"2",4,1,13
39,1,"4",0,1,13
39,0,"1",1,0,13
39,0,"3",0,0,13
39,1,"4",1,1,13
39,1,"1",0,0,7
39,1,"2",1,1,5
39,0,"4",1,0,13
39,1,"2",0,1,1
39,1,"2",0,1,8
39,0,"2",1,0,1
39,0,"4",0,0,13
39,0,"4",0,1,11
39,1,"1",0,0,13
39,0,"5",1,1,12
39,1,"1",0,1,13
39,1,"2",1,0,13
39,0,"3",1,0,8
39,1,"4",1,1,13
39,0,"3",0,0,12
39,1,"4",2,1,9
39,1,"3",3,1,11
39,0,"5",1,1,13
39,0,"5",1,1,13
39,0,"5",1,1,13
39,1,"4",0,1,13
39,0,"2",0,0,13
39,0,"5",0,1,13
39,0,"4",0,0,13
39,1,"1",0,1,13
39,1,"4",0,1,13
39,1,"2",0,1,13
39,1,"2",0,1,11
39,1,"5",1,1,12
39,0,"4",1,0,13
39,0,"5",0,1,13
39,0,"4",1,1,4
39,1,"2",0,1,13
39,0,"5",0,1,13
39,1,"1",3,0,13
39,1,"2",1,0,13
39,0,"2",2,0,12
39,1,"1",1,1,7
39,1,"4",1,1,11
39,1,"4",0,1,13
39,0,"4",0,0,13
39,0,"2",0,0,13
38,1,"1",0,0,13
38,0,"5",0,1,13
38,1,"2",0,0,13
38,0,"4",2,1,13
38,0,"4",1,0,13
38,0,"5",0,1,13
38,0,"4",0,0,13
38,0,"4",1,0,11
38,0,"3",2,1,12
38,0,"3",2,0,9
38,0,"2",1,0,12
38,0,"3",3,0,10
38,0,"2",3,0,5
38,1,"2",2,1,11
38,0,"2",3,0,5
38,1,"2",0,0,13
38,1,"3",0,1,13
38,1,"2",0,1,13
38,0,"3",1,0,13
38,1,"1",2,1,13
38,0,"4",0,0,13
38,0,"4",0,1,13
38,0,"4",1,0,13
38,0,"5",2,1,13
38,0,"3",0,0,13
38,1,"2",0,0,13
38,1,"1",0,0,10
38,1,"1",4,0,8
38,0,"2",0,0,13
38,0,"3",1,0,13
38,0,"5",1,0,13
38,0,"1",1,1,8
38,1,"1",0,1,13
38,1,"1",1,0,10
38,0,"5",2,0,13
38,1,"2",2,0,2
38,0,"5",2,0,12
38,1,"1",5,0,7
38,0,"3",1,1,13
38,1,"2",1,0,8
38,0,"4",2,1,13
38,1,"4",5,1,13
38,0,"3",1,0,13
38,0,"5",0,1,13
38,0,"1",2,1,2
38,1,"1",0,1,13
38,1,"2",2,0,11
38,0,"4",1,0,13
38,1,"1",0,1,1
38,0,"5",3,0,7
38,1,"2",2,0,13
38,0,"4",1,0,13
38,1,"1",5,0,7
38,1,"3",0,1,13
38,0,"4",0,0,13
38,1,"1",1,1,2
38,0,"3",1,0,13
38,1,"2",0,1,13
38,1,"4",4,0,9
38,1,"1",2,0,9
38,1,"2",1,0,12
38,0,"5",1,0,13
38,0,"5",0,1,13
38,1,"1",1,1,7
38,0,"2",1,1,10
38,0,"3",0,0,13
38,1,"1",1,0,2
38,1,"1",1,1,13
38,0,"5",1,1,13
38,0,"4",0,1,13
38,0,"5",0,0,13
38,0,"4",2,0,13
38,0,"3",0,0,13
38,0,"5",1,1,13
38,0,"5",3,1,13
38,0,"3",0,0,13
38,1,"3",0,1,13
38,0,"3",0,1,13
38,1,"1",0,0,5
38,1,"1",3,0,8
38,0,"5",1,1,13
38,0,"5",1,1,8
38,0,"1",2,0,4
38,1,"3",1,1,13
38,0,"3",3,0,10
38,0,"5",1,1,12
38,0,"3",4,1,8
38,0,"3",4,0,13
38,1,"4",0,0,13
38,0,"3",0,0,13
38,1,"2",2,1,8
38,1,"2",0,1,13
38,1,"5",0,1,13
38,0,"3",0,0,1
38,1,"5",0,1,13
38,1,"1",1,0,4
38,0,"2",2,1,11
38,1,"1",4,1,8
38,0,"2",0,0,13
38,1,"1",1,1,4
38,0,"2",6,0,7
38,1,"5",1,1,11
38,0,"5",0,1,13
38,1,"5",0,1,13
38,1,"4",0,1,13
37,1,"1",1,1,1
37,0,"5",1,1,13
37,0,"1",1,1,13
37,1,"5",1,1,13
37,0,"5",1,1,13
37,1,"1",1,1,12
37,1,"1",1,0,12
37,1,"1",3,0,5
37,0,"5",1,1,13
37,1,"2",1,0,13
37,0,"3",0,0,13
37,0,"4",0,0,13
37,0,"2",2,0,6
37,1,"2",0,0,13
37,0,"3",1,0,4
37,1,"1",0,1,13
37,0,"4",0,0,13
37,0,"3",0,1,13
37,0,"5",0,1,13
37,1,"1",1,1,10
37,1,"3",2,1,12
37,0,"2",1,0,1
37,1,"1",4,1,8
37,0,"2",3,0,12
37,0,"3",0,0,7
37,1,"1",1,0,3
37,0,"3",2,0,8
37,0,"3",2,1,11
37,0,"5",0,0,13
37,1,"5",1,1,13
37,1,"1",0,0,13
37,1,"1",1,0,6
37,1,"1",1,0,12
37,0,"5",2,1,13
37,1,"5",1,1,13
37,0,"5",0,1,13
37,1,"1",5,0,9
37,0,"3",0,1,13
37,1,"3",2,1,13
37,1,"3",0,1,11
37,0,"3",1,1,4
37,1,"1",1,1,1
37,0,"3",0,1,12
37,0,"5",1,1,7
37,0,"5",0,0,13
37,1,"2",2,0,9
37,1,"5",0,1,13
37,1,"4",0,1,13
37,0,"5",3,1,13
37,0,"4",0,1,1
37,1,"4",0,1,2
37,1,"1",0,1,2
37,0,"5",1,0,13
37,1,"1",1,1,12
37,0,"5",0,1,13
37,1,"1",1,0,1
37,0,"2",1,1,13
37,0,"4",0,0,13
37,0,"4",1,0,8
37,1,"3",1,1,8
37,1,"5",0,1,2
37,0,"1",4,0,5
37,1,"3",2,1,10
37,0,"3",3,0,12
37,0,"5",1,1,9
37,1,"2",0,0,10
37,0,"2",1,0,13
37,1,"1",2,0,12
37,0,"4",1,1,13
37,0,"5",0,1,13
37,1,"1",1,0,10
37,1,"1",0,0,13
37,0,"5",1,0,13
37,0,"5",0,1,13
37,0,"4",4,1,13
37,0,"3",1,0,13
37,1,"1",2,0,9
37,0,"3",2,0,13
37,0,"3",0,0,13
37,1,"1",2,1,3
37,0,"1",1,1,6
37,0,"5",0,0,13
37,1,"1",1,0,1
37,0,"2",2,0,9
37,0,"2",1,0,1
37,1,"5",5,1,12
37,1,"4",0,1,3
37,1,"1",3,0,8
37,0,"4",0,0,13
37,0,"4",0,1,8
37,1,"5",0,1,13
37,0,"2",3,0,11
37,0,"4",2,0,13
37,1,"1",0,0,1
36,1,"1",2,1,10
36,0,"5",0,0,13
36,0,"4",0,0,13
36,1,"5",0,1,13
36,1,"3",1,0,3
36,0,"4",0,0,7
36,1,"2",3,0,10
36,1,"1",2,0,10
36,0,"2",1,0,5
36,0,"1",1,0,13
36,0,"2",4,0,5
36,1,"5",0,1,13
36,1,"4",1,1,13
36,1,"4",0,1,11
36,0,"2",3,0,12
36,0,"3",3,0,5
36,0,"5",0,0,13
36,0,"4",0,0,13
36,1,"1",1,1,12
36,1,"1",1,1,4
36,1,"1",0,0,13
36,0,"3",1,0,12
36,0,"2",1,0,3
36,0,"3",2,1,13
36,0,"3",4,0,6
36,1,"4",0,1,13
36,0,"4",0,1,13
36,1,"1",1,1,2
36,1,"4",0,1,13
36,0,"5",1,1,7
36,0,"5",2,1,11
36,1,"2",0,0,13
36,0,"4",3,0,12
36,0,"5",0,1,13
36,1,"1",1,0,12
36,1,"4",0,1,11
36,0,"3",3,0,10
36,1,"3",1,1,13
36,0,"2",0,0,3
36,1,"1",0,0,13
36,0,"4",3,1,11
36,0,"5",3,0,3
36,1,"1",2,0,12
36,0,"5",0,1,13
36,0,"3",6,0,8
36,1,"2",3,0,8
36,0,"1",2,0,7
36,0,"3",1,1,3
36,0,"3",2,0,13
36,0,"4",3,1,10
36,0,"1",1,0,1
36,0,"5",1,1,13
36,1,"1",3,0,8
36,0,"4",0,1,13
36,1,"4",1,1,10
36,0,"4",0,0,13
36,1,"3",0,0,13
36,0,"2",3,0,6
36,0,"2",1,0,10
36,0,"2",0,0,13
36,1,"4",0,1,10
36,0,"5",0,1,10
36,0,"4",2,0,13
36,1,"2",0,0,2
36,0,"5",1,1,11
36,0,"4",0,1,13
36,0,"2",1,0,8
36,1,"5",0,1,13
36,0,"4",1,0,4
36,1,"4",0,1,13
36,0,"3",0,0,13
36,0,"1",1,0,13
36,0,"5",2,1,13
36,0,"5",1,0,13
36,0,"2",0,0,13
36,0,"5",0,0,13
36,1,"2",2,0,6
36,1,"4",0,1,7
36,1,"5",0,1,13
36,0,"3",1,0,13
36,0,"4",1,0,13
36,1,"1",0,1,13
36,1,"1",1,1,12
36,0,"5",1,1,12
36,1,"5",0,1,13
36,0,"3",1,0,12
36,0,"5",0,1,13
36,1,"4",2,1,10
36,0,"3",0,0,13
36,0,"4",0,0,3
36,0,"3",2,1,10
36,0,"5",1,1,13
35,1,"2",0,1,1
35,0,"2",1,0,9
35,0,"2",3,0,6
35,0,"5",2,1,13
35,0,"5",1,0,13
35,0,"2",0,0,13
35,0,"5",1,1,13
35,0,"3",0,1,8
35,1,"2",1,0,12
35,0,"4",0,1,13
35,0,"3",2,0,8
35,0,"5",0,0,13
35,1,"2",0,0,6
35,0,"1",1,1,4
35,0,"5",1,1,3
35,0,"4",0,0,13
35,1,"1",3,0,10
35,1,"2",1,0,11
35,0,"3",0,0,13
35,1,"2",0,0,13
35,1,"1",2,0,9
35,0,"4",0,1,13
35,1,"1",0,1,13
35,1,"2",3,0,11
35,0,"3",1,0,5
35,0,"3",4,0,11
35,1,"1",0,0,13
35,0,"5",7,0,8
35,1,"1",1,0,4
35,0,"5",0,1,13
35,0,"4",1,0,12
35,0,"5",2,1,13
35,0,"3",3,0,4
35,0,"3",2,0,8
35,0,"2",2,0,4
35,1,"5",0,1,13
35,1,"4",1,0,5
35,0,"4",0,0,13
35,0,"4",0,1,5
35,0,"5",2,1,13
35,0,"5",1,1,13
35,1,"2",1,1,13
35,0,"5",1,1,13
35,1,"1",1,0,3
35,0,"4",0,0,13
35,1,"1",1,0,13
35,0,"4",1,0,13
35,1,"1",1,0,7
35,0,"4",3,0,13
35,1,"1",3,0,9
35,0,"2",2,0,4
35,0,"5",1,1,13
35,0,"2",0,0,12
35,0,"4",0,1,13
35,0,"5",0,1,13
35,0,"3",3,0,8
35,0,"1",0,1,2
35,0,"2",0,0,9
35,0,"5",0,1,13
35,0,"5",0,1,13
35,0,"4",0,0,13
35,1,"1",0,1,3
35,1,"1",2,1,3
35,0,"3",0,0,13
35,1,"4",1,1,1
35,1,"4",0,1,13
35,1,"2",1,0,13
35,0,"5",1,0,8
35,0,"4",0,0,13
35,1,"2",0,1,6
35,0,"4",0,1,10
35,0,"3",0,1,13
35,0,"2",4,0,10
35,1,"1",2,0,2
35,1,"1",0,0,9
35,0,"3",0,0,13
35,1,"3",2,1,11
35,0,"2",4,0,12
35,0,"2",1,0,12
35,0,"2",4,0,12
35,0,"5",0,1,13
35,1,"4",0,1,13
35,1,"1",1,0,6
35,0,"5",0,1,7
35,1,"1",0,0,13
35,1,"2",0,1,13
35,1,"3",0,1,13
34,0,"2",0,0,13
34,1,"2",3,0,12
34,0,"5",3,1,10
34,0,"2",3,0,8
34,0,"3",1,0,1
34,0,"2",2,1,7
34,0,"4",4,0,10
34,0,"4",0,1,13
34,0,"4",0,0,13
34,0,"2",3,0,13
34,1,"1",1,1,9
34,0,"5",3,1,7
34,0,"3",0,1,13
34,0,"4",0,0,13
34,1,"2",3,0,8
34,1,"2",3,0,13
34,0,"4",1,0,2
34,1,"1",1,0,13
34,0,"2",0,1,4
34,1,"4",2,1,13
34,1,"2",0,1,13
34,0,"5",0,1,13
34,1,"4",2,1,2
34,1,"1",1,1,11
34,0,"4",4,0,6
34,0,"4",2,0,8
34,1,"2",0,1,13
34,1,"1",3,1,7
34,0,"3",1,0,8
34,0,"2",0,0,5
34,1,"1",3,1,11
34,0,"5",0,1,13
34,0,"1",3,0,4
34,1,"4",0,1,13
34,0,"1",1,0,3
34,0,"4",0,0,13
34,0,"4",1,0,13
34,0,"4",1,0,12
34,0,"3",1,0,12
34,0,"5",0,1,13
34,0,"4",0,0,13
34,1,"1",2,1,9
34,1,"1",1,0,3
34,1,"2",1,1,11
34,0,"4",0,1,13
34,0,"4",3,0,10
34,0,"4",1,1,13
34,1,"4",3,1,11
34,0,"4",0,0,13
34,1,"2",1,1,5
34,1,"1",2,1,3
34,0,"4",1,0,13
34,1,"4",2,1,9
34,0,"4",1,1,13
34,1,"1",2,0,11
34,1,"1",2,1,5
34,1,"1",0,0,1
34,0,"2",3,0,10
34,0,"5",0,1,13
34,0,"1",0,0,7
34,0,"3",3,0,12
34,0,"5",0,1,13
34,1,"2",1,0,7
34,0,"2",0,0,12
34,0,"1",5,0,5
34,0,"3",1,0,12
34,1,"4",0,1,13
34,1,"1",1,0,10
34,0,"5",1,0,13
34,1,"1",1,0,7
34,1,"5",0,1,13
34,1,"2",1,0,10
34,1,"1",0,0,13
34,1,"1",0,0,13
34,1,"2",1,0,13
34,1,"2",0,0,13
34,0,"5",0,1,13
34,1,"1",1,0,4
34,0,"3",0,0,13
34,1,"1",3,0,6
34,0,"5",0,1,13
34,1,"1",2,0,10
34,0,"4",4,0,13
34,0,"2",1,1,1
34,0,"3",2,0,9
34,0,"1",0,0,13
34,0,"5",0,1,12
34,0,"4",5,0,8
34,1,"4",0,1,12
34,0,"2",1,1,12
34,0,"4",0,0,13
34,0,"1",1,0,2
34,0,"5",0,0,13
34,1,"1",2,1,11
34,0,"3",0,1,13
34,1,"3",1,1,13
34,1,"1",1,1,6
34,1,"1",0,0,1
34,0,"3",5,0,9
33,0,"2",1,0,13
33,0,"3",3,0,8
33,0,"4",0,0,13
33,0,"2",5,0,9
33,0,"4",0,1,13
33,1,"1",2,0,13
33,1,"1",2,1,13
33,0,"2",3,0,9
33,1,"2",1,0,10
33,1,"1",2,1,9
33,1,"1",0,1,8
33,1,"4",1,0,5
33,0,"4",1,0,13
33,0,"2",0,0,13
33,1,"1",4,0,9
33,0,"5",0,1,13
33,1,"3",0,1,13
33,0,"3",0,1,13
33,1,"1",0,0,12
33,0,"5",0,0,13
33,1,"1",1,0,10
33,1,"4",0,1,13
33,0,"2",5,0,11
33,0,"5",0,1,12
33,0,"3",3,0,8
33,0,"3",0,0,13
33,0,"3",2,0,13
33,0,"5",1,0,13
33,0,"5",0,0,13
33,1,"1",0,0,13
33,1,"1",1,1,4
33,0,"4",6,0,13
33,1,"3",0,0,7
33,1,"2",2,1,8
33,0,"3",2,0,8
33,1,"2",1,0,2
33,0,"3",1,0,8
33,0,"3",1,1,13
33,0,"2",2,0,13
33,1,"2",2,1,13
33,0,"3",2,0,13
33,0,"3",0,0,13
33,1,"1",1,0,13
33,0,"2",1,0,10
33,1,"1",0,0,12
33,1,"5",1,1,12
33,0,"4",1,0,13
33,0,"3",1,0,13
33,0,"1",3,0,7
33,0,"4",6,0,6
33,0,"5",1,1,13
33,1,"5",5,1,10
33,0,"5",2,1,12
33,0,"1",1,0,1
33,1,"1",3,0,3
33,1,"5",0,1,13
33,1,"1",1,0,1
33,0,"4",2,1,8
33,1,"4",1,1,13
33,1,"1",1,1,7
33,1,"4",0,1,13
33,0,"5",1,1,13
33,0,"4",4,0,13
33,0,"5",1,1,13
33,1,"4",2,1,12
33,1,"2",0,0,10
33,0,"3",2,0,6
33,1,"4",2,0,10
33,0,"5",1,0,13
33,0,"3",0,0,13
33,0,"5",1,0,13
33,0,"2",3,0,10
33,1,"2",2,0,7
33,1,"3",0,0,13
33,1,"1",2,0,6
33,0,"2",0,0,13
33,1,"1",0,0,6
33,1,"2",3,1,3
33,1,"4",0,1,13
33,0,"5",1,0,13
33,0,"5",0,1,13
33,1,"2",3,0,12
33,1,"1",1,0,9
33,1,"1",0,0,12
33,0,"3",1,0,13
33,0,"4",1,0,13
33,1,"1",1,0,2
33,1,"1",0,0,13
33,0,"3",0,0,13
33,0,"3",0,1,13
33,1,"1",4,0,7
32,0,"4",2,1,7
32,0,"5",2,1,9
32,0,"4",0,1,13
32,1,"3",0,1,2
32,1,"1",1,1,3
32,0,"2",1,0,7
32,0,"3",0,0,13
32,1,"3",1,1,12
32,0,"5",1,1,13
32,0,"5",0,1,13
32,0,"4",0,0,13
32,0,"4",0,1,13
32,1,"3",4,1,11
32,1,"3",2,0,7
32,1,"2",0,0,11
32,1,"3",5,1,12
32,0,"2",2,0,10
32,1,"5",3,1,12
32,0,"5",1,1,13
32,0,"1",2,1,3
32,0,"3",0,0,13
32,1,"2",4,0,12
32,1,"1",1,1,3
32,1,"1",1,0,2
32,1,"1",2,0,12
32,0,"2",3,1,4
32,0,"4",3,1,11
32,0,"4",0,0,13
32,0,"2",2,0,8
32,0,"4",3,0,13
32,1,"1",1,1,11
32,1,"5",0,1,5
32,0,"4",0,0,13
32,0,"5",0,1,13
32,0,"3",0,0,13
32,0,"5",0,0,12
32,0,"5",2,0,13
32,1,"2",2,1,8
32,0,"4",0,1,13
32,0,"4",0,1,13
32,1,"4",2,1,11
32,0,"5",2,0,13
32,1,"1",4,0,8
32,0,"5",0,1,13
32,0,"5",1,1,7
32,0,"5",1,1,7
32,1,"1",1,1,13
32,0,"2",0,0,13
32,0,"4",1,0,13
32,1,"1",1,0,11
32,1,"2",0,0,13
32,1,"3",1,1,2
32,0,"2",2,0,13
32,1,"3",0,0,13
32,0,"2",0,0,13
32,1,"1",1,1,10
32,1,"3",0,1,13
32,0,"5",1,1,13
32,1,"2",0,0,13
32,0,"2",3,0,9
32,1,"2",1,1,3
32,0,"4",3,0,13
32,0,"2",0,0,13
32,1,"1",0,0,13
32,1,"3",2,0,13
32,1,"3",0,0,13
32,0,"4",1,0,13
32,1,"3",1,0,8
32,0,"4",0,0,13
32,1,"2",0,0,13
32,0,"3",1,0,13
32,1,"1",4,0,5
32,1,"1",2,1,5
32,0,"2",3,0,8
32,1,"5",0,1,4
32,1,"2",2,0,13
32,1,"1",2,1,11
32,1,"3",0,1,8
32,0,"3",1,1,11
32,1,"2",1,1,13
32,1,"1",3,1,12
32,1,"1",0,0,7
32,1,"1",1,0,13
32,0,"5",0,1,8
32,1,"2",0,1,12
32,1,"4",0,1,4
32,0,"4",0,0,13
32,0,"5",0,1,13
32,0,"3",4,0,10
32,0,"5",1,1,13
32,0,"1",2,0,12
32,1,"5",1,1,13
32,1,"3",0,1,13
32,1,"1",0,0,13
32,0,"5",0,1,13
32,1,"5",0,1,10
32,0,"4",0,1,13
32,0,"4",1,0,13
32,1,"2",1,0,9
32,0,"2",3,0,13
32,1,"1",1,0,3
32,0,"4",1,0,13
32,0,"4",2,0,13
32,1,"1",1,0,1
32,1,"2",0,1,13
32,0,"4",0,0,1
32,0,"3",0,0,13
32,1,"4",4,1,13
32,0,"3",2,0,9
31,1,"1",0,1,5
31,0,"1",0,1,2
31,1,"3",1,1,10
31,1,"3",1,0,12
31,1,"3",3,1,13
31,0,"5",0,1,13
31,0,"5",0,1,4
31,0,"2",1,1,12
31,1,"2",1,1,11
31,0,"5",0,0,9
31,0,"4",1,1,6
31,1,"1",2,0,3
31,0,"5",0,1,11
31,1,"2",0,0,2
31,0,"5",0,0,13
31,1,"1",1,1,12
31,0,"5",0,1,13
31,0,"3",0,0,13
31,0,"2",2,0,7
31,0,"5",0,0,4
31,1,"3",1,1,10
31,0,"3",1,0,13
31,0,"5",1,1,13
31,1,"5",2,1,13
31,0,"3",0,0,4
31,1,"3",2,1,6
31,0,"1",2,0,4
31,1,"2",4,1,13
31,0,"4",2,0,10
31,0,"3",1,0,9
31,1,"1",1,1,7
31,0,"3",2,0,13
31,0,"1",0,1,13
31,1,"1",0,0,13
31,0,"1",1,0,1
31,0,"2",4,0,11
31,0,"3",1,1,4
31,0,"4",2,0,13
31,1,"1",1,1,10
31,0,"4",0,0,13
31,1,"3",2,0,10
31,0,"3",2,0,7
31,1,"1",2,0,3
31,0,"4",0,0,11
31,0,"4",1,0,2
31,0,"1",3,0,3
31,0,"5",1,1,13
31,0,"2",0,0,13
31,0,"3",1,0,13
31,0,"5",1,1,13
31,0,"4",0,0,13
31,1,"3",3,1,10
31,1,"1",1,0,1
31,1,"1",0,0,13
31,0,"5",0,1,13
31,0,"3",2,0,8
31,1,"1",1,0,1
31,0,"4",2,0,13
31,1,"3",2,0,9
31,1,"3",1,1,13
31,0,"2",2,0,13
31,0,"2",4,0,7
31,0,"5",2,1,12
31,1,"1",1,0,5
31,0,"2",1,0,12
31,1,"2",2,0,10
31,0,"4",1,0,13
31,1,"3",1,0,12
31,0,"4",2,0,11
31,0,"5",3,1,13
31,1,"1",1,0,6
31,1,"2",2,0,13
31,0,"5",0,0,13
31,0,"3",0,1,13
31,1,"3",2,1,12
31,0,"4",0,1,5
31,0,"2",1,0,3
31,0,"3",1,0,7
31,1,"2",1,1,13
31,1,"1",0,1,13
31,0,"4",2,1,12
31,1,"4",0,0,13
31,1,"2",2,1,5
31,1,"1",1,1,6
31,1,"5",0,1,13
31,0,"2",1,0,13
31,0,"4",0,0,13
31,0,"5",2,1,2
31,0,"4",1,1,13
31,0,"5",1,1,13
31,0,"5",2,1,13
31,0,"1",1,0,3
31,1,"1",1,1,3
31,1,"2",2,1,2
31,1,"1",1,1,10
31,0,"3",2,0,12
31,1,"2",1,1,8
31,1,"1",1,0,13
31,1,"5",3,1,13
31,1,"2",1,1,9
31,0,"3",1,0,13
31,1,"4",0,1,13
30,0,"3",2,0,12
30,1,"4",0,1,13
30,1,"1",0,0,13
30,0,"4",2,1,13
30,0,"3",1,0,8
30,1,"4",0,1,13
30,0,"5",0,1,13
30,0,"3",5,1,12
30,0,"5",1,1,12
30,0,"2",0,0,13
30,0,"2",2,0,12
30,1,"1",4,0,10
30,0,"4",1,1,13
30,1,"4",0,1,4
30,0,"5",1,1,9
30,1,"1",1,0,1
30,0,"4",0,0,13
30,1,"3",1,1,8
30,1,"1",1,0,12
30,1,"1",4,0,11
30,1,"2",2,1,13
30,1,"5",0,1,11
30,1,"1",2,0,9
30,0,"3",3,0,13
30,0,"2",1,0,1
30,1,"4",0,1,13
30,0,"2",4,0,8
30,1,"3",1,1,13
30,1,"1",3,1,4
30,0,"4",2,0,13
30,0,"3",1,0,8
30,0,"3",2,0,6
30,0,"4",1,1,13
30,1,"4",3,1,13
30,1,"2",3,0,5
30,1,"1",2,0,7
30,1,"1",0,0,5
30,0,"1",1,0,5
30,1,"1",1,1,5
30,1,"3",1,1,10
30,0,"5",3,1,13
30,1,"1",1,1,4
30,1,"3",2,1,10
30,1,"1",3,0,6
30,1,"1",3,1,9
30,1,"4",0,0,13
30,0,"4",1,1,13
30,1,"2",1,0,12
30,0,"5",0,1,13
30,1,"1",4,0,7
30,0,"5",1,1,9
30,0,"3",2,0,2
30,0,"5",3,1,13
30,0,"3",1,0,13
30,0,"2",2,0,2
30,1,"1",1,1,11
30,0,"1",2,0,9
30,0,"2",2,0,13
30,0,"5",0,1,13
30,0,"3",2,0,3
30,0,"2",3,0,8
30,1,"1",2,0,5
30,0,"2",1,0,2
30,0,"4",0,1,13
30,1,"1",1,1,13
30,0,"4",1,0,13
30,0,"5",0,0,13
30,1,"1",3,0,6
30,1,"1",0,0,4
30,1,"1",1,1,13
30,0,"2",1,0,7
30,0,"1",1,0,3
30,0,"2",1,0,12
30,1,"2",1,0,9
30,0,"3",0,0,13
30,0,"5",1,0,13
30,0,"4",1,0,13
30,1,"4",0,1,13
30,1,"4",1,1,13
30,1,"1",4,1,8
30,0,"5",2,1,13
30,1,"1",1,0,9
30,0,"1",5,0,9
30,1,"3",1,1,2
30,0,"3",3,0,11
30,1,"1",1,0,12
30,0,"2",1,0,7
30,0,"3",1,0,13
30,1,"2",0,1,13
30,1,"1",0,0,7
29,1,"2",1,0,8
29,0,"4",1,0,12
29,1,"1",1,1,5
29,0,"5",0,1,13
29,1,"1",0,1,7
29,0,"5",2,1,13
29,0,"3",1,0,13
29,0,"5",1,1,13
29,0,"4",0,1,13
29,0,"3",6,0,13
29,1,"3",2,1,13
29,0,"3",3,0,12
29,0,"4",6,0,11
29,1,"1",1,0,9
29,1,"5",3,1,8
29,0,"4",1,1,13
29,1,"2",1,1,13
29,1,"1",1,1,9
29,0,"5",0,1,13
29,0,"5",0,1,13
29,0,"1",4,0,8
29,0,"5",0,1,13
29,0,"2",3,0,12
29,1,"1",1,1,8
29,1,"4",2,1,13
29,0,"2",1,1,13
29,1,"1",1,0,9
29,1,"2",1,1,13
29,0,"4",0,1,1
29,0,"3",1,0,13
29,0,"4",1,0,13
29,0,"4",0,0,4
29,1,"3",1,1,9
29,1,"2",0,1,13
29,0,"2",1,0,5
29,0,"5",1,1,13
29,0,"3",0,0,2
29,0,"3",0,1,7
29,0,"2",3,0,12
29,1,"1",2,0,4
29,0,"4",3,0,8
29,0,"5",0,1,12
29,1,"1",2,1,8
29,1,"1",3,0,7
29,1,"4",7,1,10
29,0,"2",0,0,13
29,1,"4",2,1,12
29,0,"3",1,0,1
29,0,"4",1,1,4
29,1,"2",3,1,13
29,1,"1",1,0,11
29,1,"4",1,1,10
29,0,"3",0,0,13
29,1,"5",4,1,10
29,0,"4",0,1,13
29,1,"4",0,1,13
29,0,"1",2,0,3
29,0,"5",0,1,8
29,1,"4",0,1,13
29,0,"5",0,1,13
29,0,"4",2,0,11
29,1,"1",5,0,8
29,0,"3",1,0,13
29,0,"2",1,0,2
29,1,"1",1,0,13
29,0,"2",0,1,13
29,0,"5",0,1,13
29,1,"3",2,0,13
29,0,"4",1,0,13
29,0,"5",3,1,11
29,1,"1",2,0,8
29,0,"5",0,0,13
29,1,"3",0,1,13
29,1,"5",0,1,13
29,0,"5",3,1,12
29,0,"4",0,1,1
29,0,"4",5,0,11
29,0,"4",0,0,13
29,1,"1",4,0,10
29,0,"5",1,1,13
29,1,"3",0,1,13
29,0,"3",0,0,13
29,1,"2",1,0,11
29,0,"4",2,0,12
29,0,"3",0,0,13
29,1,"2",3,1,7
29,1,"3",0,1,13
29,0,"4",1,1,13
29,0,"2",0,0,5
29,1,"2",2,1,11
29,1,"1",1,0,1
29,0,"4",0,0,13
29,1,"2",3,0,10
29,0,"5",1,1,13
29,1,"2",0,1,13
29,1,"1",1,0,8
29,0,"5",1,0,7
29,0,"2",1,0,5
29,0,"3",1,0,13
29,1,"1",0,1,10
28,0,"1",3,0,5
28,0,"2",2,1,12
28,1,"2",1,1,11
28,1,"4",0,1,12
28,1,"3",2,1,7
28,1,"2",0,1,3
28,1,"3",0,1,13
28,0,"5",1,1,11
28,0,"4",0,0,13
28,0,"3",0,0,13
28,0,"4",3,1,10
28,0,"2",4,0,10
28,1,"3",0,1,13
28,0,"3",0,0,13
28,1,"3",0,1,13
28,1,"1",2,1,12
28,1,"1",1,0,2
28,1,"1",0,1,13
28,0,"4",3,0,9
28,0,"3",2,0,13
28,1,"2",3,0,12
28,1,"4",2,1,11
28,0,"2",1,0,7
28,0,"5",1,1,13
28,1,"1",2,0,13
28,1,"4",0,1,13
28,1,"2",0,0,9
28,0,"5",5,1,13
28,1,"4",0,1,13
28,0,"3",3,0,10
28,0,"2",2,0,2
28,0,"3",1,1,13
28,1,"1",0,1,8
28,0,"4",1,1,13
28,0,"3",1,0,1
28,0,"4",1,0,13
28,1,"3",2,1,13
28,0,"2",3,0,12
28,1,"2",0,1,12
28,0,"2",2,0,13
28,1,"3",0,1,13
28,1,"2",0,1,13
28,1,"1",1,1,2
28,1,"3",1,1,13
28,0,"5",1,1,6
28,0,"5",4,0,13
28,0,"3",4,0,6
28,0,"2",1,1,8
28,0,"4",1,0,13
28,0,"4",1,1,13
28,0,"1",2,1,6
28,1,"3",1,1,11
28,1,"2",0,0,13
28,0,"1",1,0,1
28,0,"1",8,0,13
28,1,"1",0,1,5
28,1,"2",3,1,6
28,1,"1",2,0,5
28,0,"4",0,1,13
28,0,"2",3,0,10
28,0,"3",4,0,10
28,1,"1",1,1,3
28,1,"2",1,1,9
28,0,"4",0,0,13
28,0,"3",2,1,6
28,1,"1",4,1,11
28,1,"1",3,0,6
28,0,"2",1,1,12
28,1,"1",1,0,12
28,1,"4",3,1,10
28,0,"2",3,1,7
28,1,"4",1,1,8
28,0,"2",3,0,4
28,0,"2",4,0,8
28,1,"1",2,1,5
28,0,"3",5,0,8
28,1,"4",0,1,13
28,0,"4",1,0,12
28,0,"4",3,0,12
28,0,"2",3,0,5
28,1,"1",0,0,3
28,1,"5",1,1,10
28,1,"2",1,0,9
28,1,"1",1,0,13
28,0,"5",1,0,13
28,0,"5",2,0,12
28,1,"1",1,0,2
28,1,"2",3,0,13
28,0,"5",2,1,13
28,0,"5",1,0,13
28,0,"3",5,1,11
28,1,"1",2,1,2
28,1,"3",4,0,10
28,0,"4",0,1,3
28,0,"2",0,0,3
28,0,"4",1,0,11
28,0,"5",0,0,13
28,1,"1",0,1,4
28,0,"4",0,1,13
28,0,"5",0,1,13
28,1,"2",1,1,13
28,1,"1",2,1,9
28,0,"3",4,0,8
28,0,"5",0,0,13
28,0,"4",0,0,13
27,0,"4",0,0,13
27,0,"2",3,0,12
27,1,"3",0,1,13
27,1,"4",0,1,6
27,0,"1",5,0,7
27,0,"4",0,1,11
27,0,"5",1,1,13
27,0,"3",1,0,13
27,1,"1",2,1,8
27,1,"1",2,0,10
27,0,"5",0,1,13
27,0,"5",2,1,9
27,0,"1",2,0,3
27,1,"4",1,1,12
27,0,"4",2,0,9
27,0,"5",0,1,13
27,0,"3",1,0,13
27,1,"4",3,0,13
27,0,"1",0,1,7
27,0,"3",0,0,13
27,0,"3",4,0,12
27,0,"4",2,0,12
27,1,"3",0,1,13
27,0,"5",1,0,13
27,0,"2",1,0,13
27,0,"5",2,1,12
27,0,"2",7,0,8
27,0,"4",0,1,13
27,0,"4",2,1,10
27,0,"4",0,1,13
27,0,"5",2,1,5
27,1,"3",0,1,5
27,1,"2",2,0,6
27,1,"1",1,0,10
27,0,"3",2,0,8
27,0,"4",3,0,13
27,0,"2",1,0,7
27,1,"4",1,1,13
27,0,"3",0,0,13
27,0,"2",1,0,9
27,1,"2",0,0,13
27,0,"4",1,1,12
27,0,"4",2,0,13
27,0,"2",5,1,12
27,1,"2",1,1,12
27,1,"2",0,1,13
27,0,"4",3,0,11
27,1,"2",2,0,12
27,1,"1",0,0,13
27,0,"2",3,0,8
27,0,"4",0,0,13
27,1,"1",2,0,8
27,0,"4",0,0,6
27,0,"5",0,1,13
27,1,"4",0,1,12
27,1,"1",1,0,7
27,0,"2",4,0,13
27,0,"5",1,1,13
27,0,"4",0,1,13
27,0,"4",0,0,13
27,1,"4",0,1,13
27,1,"1",0,0,9
27,0,"2",2,0,13
27,0,"3",0,0,8
27,1,"1",0,1,1
27,0,"5",0,1,13
27,0,"4",1,0,8
27,0,"2",1,0,10
27,1,"3",0,1,12
27,1,"1",2,1,9
27,0,"2",3,0,10
27,1,"1",0,1,13
27,0,"3",2,0,11
27,0,"5",1,1,13
27,0,"4",0,1,13
27,1,"1",2,1,13
27,0,"3",1,0,11
27,0,"3",2,0,13
27,0,"2",0,0,9
27,1,"5",2,1,9
27,0,"3",0,0,12
27,0,"1",2,1,11
27,1,"1",1,1,4
27,0,"3",0,0,12
27,0,"2",6,0,8
27,0,"3",1,0,13
27,0,"2",1,0,8
27,0,"4",2,0,13
27,0,"5",0,0,13
27,0,"4",3,0,13
27,0,"5",2,1,8
27,1,"2",5,0,10
27,0,"3",2,0,5
27,0,"2",2,0,7
27,0,"5",1,1,13
27,0,"4",0,1,13
27,0,"5",1,1,13
27,1,"2",2,1,12
27,1,"2",2,0,8
27,1,"1",4,0,8
27,0,"5",0,0,13
27,1,"3",1,1,13
27,1,"2",0,1,13
27,0,"3",1,0,13
27,1,"5",0,1,13
27,1,"1",2,1,8
27,0,"5",0,1,13
27,1,"1",1,0,10
27,0,"3",0,0,13
27,0,"3",2,1,11
27,1,"1",1,1,4
27,0,"2",2,0,4
27,1,"2",4,0,7
27,1,"3",3,1,7
27,0,"1",2,0,11
27,1,"1",1,0,6
27,1,"2",1,0,2
27,0,"5",2,1,13
27,0,"3",0,1,11
27,1,"1",2,1,7
27,0,"1",0,0,1
27,0,"2",3,0,3
27,0,"2",1,0,13
27,1,"1",2,1,9
27,1,"2",5,1,8
27,0,"2",2,1,7
27,0,"1",6,0,10
27,0,"5",1,1,7
26,1,"2",3,1,13
26,0,"3",1,0,9
26,1,"2",2,1,12
26,0,"4",0,0,8
26,0,"5",1,1,13
26,0,"3",3,0,13
26,0,"3",1,0,6
26,0,"3",1,0,12
26,0,"4",1,0,3
26,0,"4",0,0,13
26,0,"4",1,0,10
26,0,"2",1,0,6
26,0,"3",0,0,13
26,0,"5",0,1,13
26,0,"3",0,0,13
26,0,"4",0,1,13
26,0,"1",1,0,7
26,1,"1",2,1,6
26,1,"3",0,1,13
26,0,"2",6,0,13
26,0,"1",0,1,1
26,0,"3",1,1,13
26,0,"1",1,0,6
26,1,"3",2,0,2
26,1,"1",0,0,13
26,0,"5",1,1,13
26,1,"3",3,0,9
26,1,"1",4,1,10
26,0,"5",3,1,9
26,0,"3",1,1,13
26,0,"3",0,0,6
26,1,"3",1,0,1
26,0,"3",3,0,12
26,0,"2",1,0,1
26,1,"1",4,0,11
26,1,"1",2,1,2
26,0,"4",1,0,13
26,0,"5",2,0,11
26,1,"2",1,0,4
26,0,"5",0,1,13
26,1,"3",1,1,2
26,0,"4",1,0,13
26,0,"4",3,0,13
26,1,"3",2,1,12
26,0,"5",6,1,10
26,0,"3",4,0,9
26,0,"3",1,0,13
26,0,"2",0,1,9
26,0,"5",1,0,13
26,0,"3",2,1,12
26,0,"1",1,0,5
26,1,"2",0,1,13
26,0,"2",2,0,6
26,0,"4",3,1,11
26,0,"3",2,0,8
26,0,"4",1,0,13
26,1,"1",1,1,4
26,0,"3",1,0,13
26,1,"1",1,0,8
26,0,"3",0,0,13
26,0,"1",1,0,2
26,0,"3",3,0,13
26,0,"5",3,0,12
26,0,"1",1,0,12
26,0,"3",0,0,13
26,0,"5",3,1,10
26,0,"2",0,1,6
26,1,"1",2,0,5
26,0,"4",1,1,3
26,0,"5",0,1,13
26,1,"4",0,1,11
26,0,"5",2,1,4
26,0,"3",2,1,12
26,0,"3",0,0,13
26,1,"2",0,1,12
26,1,"1",1,0,3
26,0,"1",1,1,2
26,0,"3",2,0,9
26,0,"2",2,0,2
26,1,"4",0,1,13
26,0,"2",3,0,13
26,0,"2",1,1,9
26,0,"5",2,1,13
26,0,"2",1,1,1
26,0,"5",1,1,13
26,0,"5",0,1,13
26,0,"2",0,0,13
26,1,"2",3,1,3
26,0,"2",1,0,13
26,0,"4",1,0,8
26,0,"2",1,0,11
26,0,"3",2,0,12
26,1,"2",1,1,5
26,1,"3",0,1,5
26,1,"1",1,1,3
26,0,"2",1,1,1
26,0,"2",3,0,8
26,0,"3",1,1,13
26,0,"3",4,1,9
26,1,"5",1,0,4
26,1,"4",2,1,10
26,0,"4",0,1,13
26,0,"4",3,1,10
26,1,"4",0,1,5
26,0,"2",2,1,3
26,0,"3",3,0,12
26,0,"2",2,0,13
26,1,"2",0,0,13
26,1,"4",1,1,13
26,0,"4",1,0,13
26,1,"1",2,1,7
26,0,"3",4,0,12
26,0,"3",2,0,13
26,1,"4",1,1,13
26,1,"5",0,1,13
26,0,"2",3,0,8
26,1,"2",2,1,2
26,1,"1",0,0,8
26,1,"2",0,1,13
26,0,"4",1,0,8
26,0,"4",0,0,1
26,1,"2",2,1,12
26,1,"1",1,1,12
26,1,"5",3,1,11
26,0,"4",3,0,12
26,0,"2",2,0,8
26,1,"3",1,1,12
26,1,"4",0,1,13
26,1,"3",0,1,10
26,1,"1",2,0,13
26,1,"1",3,1,9
26,0,"4",1,0,13
26,1,"3",0,1,3
25,0,"2",3,0,12
25,0,"2",0,0,13
25,0,"5",0,0,13
25,0,"4",3,0,9
25,1,"1",2,0,6
25,0,"1",2,0,9
25,0,"5",1,1,12
25,0,"3",2,0,10
25,0,"4",3,0,12
25,0,"3",1,0,13
25,0,"2",0,0,2
25,1,"2",3,0,6
25,1,"1",0,0,13
25,0,"1",3,0,9
25,1,"1",0,0,2
25,1,"4",0,1,13
25,0,"5",0,0,13
25,0,"1",1,0,1
25,1,"3",2,0,10
25,1,"1",1,1,3
25,1,"1",1,1,1
25,0,"4",3,1,11
25,1,"1",3,0,3
25,0,"3",0,0,4
25,1,"1",1,0,7
25,0,"2",0,1,13
25,0,"4",0,0,13
25,0,"3",0,1,13
25,0,"2",2,1,7
25,0,"5",4,1,7
25,1,"3",1,1,12
25,0,"5",3,1,9
25,1,"1",4,1,5
25,0,"4",0,0,13
25,1,"1",1,1,3
25,0,"4",0,0,13
25,0,"4",0,0,13
25,1,"2",1,1,4
25,0,"3",0,1,13
25,0,"4",0,0,13
25,0,"3",3,0,13
25,1,"1",2,0,13
25,1,"3",2,1,6
25,1,"4",2,1,7
25,0,"3",0,0,13
25,0,"3",0,0,13
25,0,"2",0,0,13
25,1,"2",2,1,12
25,0,"4",0,1,13
25,0,"2",6,0,9
25,0,"5",0,1,2
25,1,"5",0,1,11
25,0,"5",1,1,13
25,0,"1",6,0,7
25,1,"2",2,1,7
25,0,"3",1,0,2
25,0,"2",1,0,9
25,0,"1",2,1,3
25,0,"2",2,1,11
25,0,"4",1,0,12
25,0,"3",0,1,13
25,1,"4",0,1,8
25,0,"3",1,0,11
25,0,"4",1,0,13
25,1,"1",1,1,6
25,1,"1",1,0,4
25,1,"1",1,1,9
25,1,"4",1,1,11
25,1,"1",2,0,9
25,1,"1",1,1,3
25,0,"5",0,1,13
25,0,"3",4,0,6
25,1,"1",2,1,10
25,0,"2",1,0,13
25,0,"5",2,0,13
25,0,"3",0,0,12
25,1,"1",3,0,4
25,1,"1",1,0,2
25,0,"5",4,1,7
25,1,"2",0,1,13
25,1,"1",1,1,9
25,0,"5",1,1,7
25,1,"1",1,0,3
25,1,"5",0,1,11
25,1,"1",2,0,6
25,0,"4",0,0,13
25,1,"4",0,1,13
25,1,"1",2,0,11
25,0,"3",1,0,8
25,1,"2",2,0,11
25,0,"1",4,0,12
25,0,"4",1,0,12
25,0,"2",1,1,10
25,1,"3",2,1,12
25,1,"3",1,1,13
25,0,"3",0,1,2
25,0,"5",2,1,10
25,0,"4",1,0,13
25,0,"2",4,0,8
25,1,"3",2,1,7
25,0,"3",2,0,8
25,1,"1",1,0,4
25,0,"4",0,1,13
25,1,"3",1,1,13
25,0,"3",0,1,10
25,0,"3",4,0,12
25,1,"2",2,1,10
25,0,"2",1,0,13
25,0,"4",0,0,13
25,0,"1",1,0,3
25,1,"1",1,0,2
25,1,"1",1,0,2
25,1,"5",0,1,13
25,1,"1",1,0,8
25,0,"5",3,1,12
25,0,"5",0,1,13
25,0,"5",0,1,12
25,0,"5",1,0,13
25,0,"3",2,0,12
25,0,"3",4,1,8
25,0,"4",1,0,13
25,0,"3",2,1,10
25,1,"3",0,0,13
25,1,"1",2,0,8
25,0,"4",1,0,13
25,0,"3",1,0,13
25,0,"2",2,1,11
25,1,"1",3,0,3
25,1,"4",2,1,12
25,0,"2",1,0,7
25,0,"2",1,0,12
25,1,"5",3,1,7
25,0,"5",1,1,5
25,0,"3",1,1,2
25,1,"1",2,0,9
25,0,"2",0,0,13
25,1,"1",2,0,3
25,0,"4",1,0,12
25,1,"3",0,0,13
25,1,"1",0,0,12
25,0,"1",2,0,5
24,0,"2",2,0,2
24,0,"3",1,0,13
24,1,"2",0,0,13
24,1,"3",1,0,4
24,0,"1",4,0,6
24,1,"1",4,1,10
24,0,"3",2,0,10
24,0,"3",1,0,8
24,0,"3",0,0,13
24,1,"2",2,1,12
24,1,"3",2,0,9
24,1,"1",1,0,7
24,0,"3",1,0,13
24,1,"4",4,1,9
24,0,"2",4,0,7
24,0,"4",1,1,7
24,0,"2",1,0,4
24,0,"2",5,0,13
24,1,"1",0,1,1
24,1,"1",1,0,10
24,1,"1",1,0,4
24,1,"3",0,0,11
24,1,"1",2,0,13
24,0,"4",1,1,12
24,0,"2",1,0,6
24,1,"1",3,0,9
24,1,"2",0,1,10
24,0,"4",1,0,6
24,1,"1",3,1,5
24,0,"3",1,0,13
24,0,"2",2,0,4
24,0,"4",0,0,13
24,0,"5",1,0,13
24,0,"5",1,0,12
24,1,"3",2,1,10
24,0,"1",1,1,6
24,0,"3",1,1,11
24,1,"2",0,1,13
24,0,"5",0,1,13
24,0,"4",0,1,13
24,1,"3",3,1,13
24,0,"3",1,1,8
24,1,"1",1,0,3
24,1,"3",0,1,6
24,0,"2",3,0,6
24,0,"3",1,0,13
24,0,"3",2,0,9
24,1,"1",1,0,1
24,0,"4",0,0,13
24,1,"4",0,1,13
24,1,"5",0,1,13
24,0,"5",5,0,10
24,0,"4",0,0,13
24,0,"2",5,0,13
24,1,"1",1,0,4
24,1,"3",1,0,13
24,1,"3",0,1,13
24,0,"3",3,0,4
24,1,"1",0,0,13
24,1,"1",2,1,4
24,1,"4",1,1,13
24,0,"2",2,0,8
24,0,"4",0,1,13
24,1,"1",1,0,5
24,1,"1",2,0,9
24,1,"2",0,0,7
24,0,"3",2,0,13
24,0,"4",1,0,11
24,0,"2",0,0,13
24,1,"1",3,1,7
24,0,"5",1,1,13
24,1,"3",2,0,8
24,0,"3",1,0,7
24,0,"3",1,1,13
24,0,"3",3,0,9
24,0,"5",2,1,10
24,0,"5",3,1,13
24,0,"5",4,1,13
24,0,"4",0,0,13
24,1,"3",1,0,11
24,0,"3",3,0,7
24,0,"3",1,1,2
24,0,"4",1,0,13
24,0,"4",0,1,13
24,1,"4",1,1,7
24,0,"4",1,1,6
24,0,"3",1,0,13
24,0,"5",0,1,13
24,1,"1",0,0,12
24,0,"2",2,0,8
24,1,"1",1,0,2
24,1,"4",0,1,13
24,0,"5",2,1,13
24,0,"2",1,0,13
24,1,"3",2,0,13
24,0,"3",0,0,6
24,0,"3",0,0,13
24,1,"1",2,0,4
24,1,"1",0,0,5
24,0,"4",2,1,13
24,1,"1",1,1,7
24,0,"2",2,0,13
24,0,"3",3,0,6
24,0,"5",3,1,10
24,0,"3",2,0,7
24,0,"3",0,0,10
24,0,"2",7,0,11
24,1,"3",1,1,13
24,1,"5",0,1,12
24,0,"1",2,1,11
24,1,"2",2,0,13
24,0,"4",5,0,13
24,0,"1",1,1,1
24,0,"5",3,0,11
24,1,"4",5,1,10
24,0,"2",1,0,13
24,0,"5",1,1,13
24,0,"2",3,0,13
24,0,"5",1,0,11
24,0,"3",2,0,13
24,0,"2",9,0,12
23,0,"3",2,0,13
23,0,"3",1,0,10
23,0,"2",2,0,13
23,1,"1",4,0,12
23,1,"3",0,1,7
23,0,"5",2,1,7
23,1,"2",1,0,11
23,0,"3",6,0,6
23,1,"3",2,0,9
23,0,"2",1,0,4
23,0,"4",0,1,10
23,0,"5",2,1,9
23,1,"2",1,1,13
23,0,"2",0,1,13
23,0,"4",2,1,10
23,0,"4",4,0,10
23,0,"3",0,0,6
23,0,"2",1,0,1
23,1,"1",0,0,12
23,1,"3",1,1,9
23,1,"1",1,1,4
23,1,"1",1,0,4
23,0,"2",2,0,12
23,0,"3",2,0,13
23,1,"2",3,0,12
23,1,"2",4,1,12
23,0,"3",1,0,13
23,0,"3",1,0,2
23,1,"1",0,1,3
23,0,"3",5,0,12
23,0,"3",0,0,6
23,1,"2",3,1,12
23,1,"5",2,1,10
23,0,"4",1,0,13
23,0,"2",5,0,10
23,0,"4",0,0,13
23,1,"1",1,0,1
23,1,"1",2,0,9
23,0,"2",1,1,12
23,1,"2",0,1,12
23,1,"2",3,0,12
23,1,"4",2,1,13
23,1,"1",2,0,7
23,0,"5",0,0,13
23,1,"2",3,0,6
23,1,"5",1,1,5
23,1,"1",2,1,11
23,0,"2",1,0,13
23,0,"4",0,0,13
23,0,"3",2,0,13
23,0,"5",7,1,13
23,1,"1",1,0,9
23,0,"3",4,1,10
23,0,"2",1,0,9
23,0,"3",0,0,13
23,0,"3",1,0,4
23,1,"2",2,1,13
23,0,"2",3,0,8
23,0,"4",1,0,13
23,0,"4",0,0,13
23,1,"1",1,0,1
23,1,"1",2,1,11
23,0,"3",1,0,11
23,0,"5",0,1,13
23,1,"3",0,1,12
23,0,"4",0,0,13
23,1,"2",1,0,10
23,1,"2",1,0,4
23,1,"2",2,0,12
23,0,"5",4,1,7
23,1,"2",0,0,13
23,1,"1",2,0,6
23,0,"4",4,1,12
23,0,"4",2,0,13
23,1,"1",2,0,4
23,0,"4",0,0,11
23,1,"2",3,0,8
23,1,"2",2,1,12
23,0,"1",2,0,2
23,0,"4",1,0,13
23,1,"2",2,1,8
23,0,"2",4,0,7
23,0,"3",0,1,13
23,0,"2",2,0,7
23,0,"3",3,0,10
23,0,"5",4,1,12
23,1,"2",0,1,2
23,1,"3",2,1,10
23,1,"1",1,1,11
23,1,"2",3,1,13
23,0,"3",1,0,13
23,1,"1",1,1,8
23,1,"3",2,0,12
23,0,"4",1,0,13
23,1,"1",1,0,2
23,1,"2",1,1,11
23,0,"4",3,1,13
23,1,"1",1,1,13
23,0,"5",1,1,12
23,0,"2",6,0,8
23,0,"5",0,1,13
23,1,"4",0,0,13
23,0,"3",1,0,13
23,0,"4",3,0,10
23,0,"4",2,0,6
23,0,"2",1,0,6
23,0,"3",0,1,6
23,0,"1",2,0,5
23,1,"1",0,1,4
23,1,"5",3,1,5
23,0,"5",0,0,13
23,0,"2",1,0,7
23,1,"1",2,0,7
23,1,"1",4,0,7
23,1,"3",2,1,13
23,0,"2",1,1,12
23,1,"1",4,1,9
23,0,"5",0,1,13
23,0,"2",3,1,12
23,1,"4",0,1,13
23,0,"1",2,0,4
23,1,"1",0,1,12
23,1,"2",1,1,6
23,0,"4",1,1,7
23,0,"2",0,0,2
23,1,"1",6,1,11
23,0,"2",2,0,9
22,0,"2",3,0,11
22,1,"3",1,0,9
22,1,"1",1,1,13
22,0,"4",3,1,6
22,0,"2",2,1,12
22,1,"1",3,1,5
22,0,"3",4,1,7
22,0,"1",1,0,1
22,1,"4",0,1,13
22,0,"4",1,0,13
22,0,"5",1,0,13
22,1,"3",1,1,10
22,0,"4",1,1,13
22,1,"1",2,0,11
22,0,"4",2,1,13
22,1,"1",7,0,9
22,1,"1",4,1,5
22,0,"3",2,0,13
22,0,"5",2,1,13
22,0,"4",0,1,13
22,0,"4",2,0,13
22,0,"5",0,0,13
22,1,"2",3,0,7
22,1,"2",3,0,4
22,0,"2",3,0,8
22,1,"3",3,1,13
22,1,"1",0,0,2
22,1,"4",2,1,2
22,1,"2",1,1,1
22,0,"5",3,1,8
22,1,"3",0,1,12
22,1,"1",1,0,4
22,0,"4",4,0,12
22,0,"3",0,0,13
22,0,"4",2,1,7
22,0,"3",1,0,10
22,1,"2",1,0,3
22,0,"2",2,0,8
22,1,"1",1,0,1
22,1,"2",1,1,6
22,1,"2",0,1,6
22,1,"2",2,0,5
22,1,"2",1,1,6
22,0,"4",3,1,11
22,1,"2",2,0,13
22,0,"3",0,0,13
22,0,"4",1,0,12
22,0,"2",1,0,13
22,0,"3",1,0,11
22,0,"5",2,1,9
22,1,"1",0,1,3
22,0,"2",2,0,9
22,0,"2",2,0,13
22,0,"3",1,0,8
22,0,"2",7,0,9
22,0,"4",3,1,12
22,0,"2",2,0,5
22,1,"1",1,0,1
22,0,"5",2,1,9
22,1,"4",2,1,11
22,0,"4",2,0,9
22,1,"3",3,1,6
22,1,"2",2,1,12
22,0,"4",1,0,12
22,1,"2",0,1,13
22,0,"5",1,0,1
22,0,"2",0,0,13
22,1,"3",1,1,8
22,0,"2",2,0,12
22,1,"2",2,1,4
22,0,"2",0,0,13
22,0,"5",0,0,13
22,1,"2",2,1,8
22,0,"3",4,1,9
22,1,"2",1,0,9
22,1,"5",3,0,13
22,0,"1",1,1,6
22,1,"1",2,0,5
22,1,"1",1,0,4
22,0,"2",0,0,13
22,1,"1",1,0,3
22,0,"5",1,1,13
22,0,"2",0,0,12
22,0,"4",0,0,13
22,0,"2",2,0,13
22,0,"2",4,0,12
22,0,"4",1,0,13
22,1,"3",4,1,10
22,1,"2",3,0,7
22,0,"1",1,1,9
22,0,"4",2,0,13
22,0,"2",4,0,8
22,0,"3",0,1,13
22,1,"4",3,1,11
22,1,"1",2,1,2
22,0,"4",0,0,13
22,0,"5",1,0,10
22,0,"2",4,0,10
22,1,"4",0,0,12
22,0,"3",4,0,4
22,1,"2",2,0,11
22,1,"2",2,0,7
22,0,"5",2,0,11
22,1,"1",2,0,2
22,1,"2",0,0,2
22,1,"1",2,0,10
22,0,"5",2,1,9
22,0,"5",1,1,13
22,1,"2",3,1,13
22,0,"3",2,0,9
22,0,"4",2,1,6
22,1,"1",1,1,7
22,1,"2",0,1,8
22,1,"1",1,0,3
22,0,"4",1,0,12
22,0,"2",3,0,6
22,1,"1",1,1,9
22,0,"5",1,1,13
22,1,"3",1,0,12
22,0,"2",3,0,7
22,1,"1",1,0,5
22,0,"4",1,1,13
22,1,"1",2,0,5
22,1,"2",0,1,13
22,0,"3",1,0,7
22,0,"1",1,0,13
22,0,"3",0,0,1
